RANK,Player,Team,Age,GP,W,L,Min,PTS,FGM,FGA,FG%,3PM,3PA,3P%,FTM,FTA,FT%,OREB,DREB,REB,AST,TOV,STL,BLK,PF,FP,DD2,TD3,+/-
1,Kobe Bryant,LAL,29,82,57,25,3192.3,2323,775,1690,45.9,150,415,36.1,623,742,84.0,94,423,517,441,257,151,40,227,3921,20,0,595
2,LeBron James,CLE,23,75,45,30,3026.8,2250,794,1642,48.4,113,359,31.5,549,771,71.2,133,459,592,539,255,138,81,165,4171,31,7,138
3,Allen Iverson,DEN,33,82,50,32,3423.8,2164,712,1556,45.8,95,275,34.5,645,797,80.9,47,196,243,586,245,160,12,109,3606,15,0,360
4,Amar'e Stoudemire,PHX,25,79,53,26,2676.8,1989,714,1211,59.0,5,31,16.1,556,691,80.5,178,541,719,118,174,64,163,294,3536,36,0,418
5,Carmelo Anthony,DEN,24,77,47,30,2806.2,1978,728,1481,49.2,58,164,35.4,464,590,78.6,178,393,571,259,253,98,39,253,3210,22,0,161
6,Richard Jefferson,NJN,28,82,34,48,3200.3,1857,619,1328,46.6,77,213,36.2,542,679,79.8,93,249,342,252,199,76,21,225,2737,2,0,-306
7,Dirk Nowitzki,DAL,30,77,49,28,2768.6,1817,630,1314,47.9,79,220,35.9,478,544,87.9,95,564,659,266,160,51,71,198,3213,25,1,482
8,Baron Davis,GSW,29,82,48,34,3196.2,1791,650,1526,42.6,173,525,33.0,318,424,75.0,96,289,385,623,232,191,43,247,3658,18,3,242
9,Jason Richardson,CHA,27,82,32,50,3149.3,1788,648,1468,44.1,243,599,40.6,249,331,75.2,80,361,441,258,166,116,57,241,3057,5,0,-227
10,Joe Johnson,ATL,27,82,37,45,3342.8,1779,647,1497,43.2,169,444,38.1,316,379,83.4,83,284,367,474,223,84,18,168,3013,9,0,-18
11,Al Jefferson,MIN,23,82,22,60,2918.8,1726,721,1441,50.0,0,5,0.0,284,394,72.1,308,603,911,117,167,74,119,222,3407,55,0,-549
12,Carlos Boozer,UTA,26,81,53,28,2826.6,1708,709,1297,54.7,0,1,0.0,290,393,73.8,197,647,844,233,210,100,41,293,3283,51,1,421
13,Dwight Howard,ORL,22,82,52,30,3087.7,1695,583,974,59.9,0,4,0.0,529,897,59.0,279,882,1161,110,263,74,176,274,3740,69,0,481
14,Antawn Jamison,WAS,32,79,41,38,3060.8,1689,618,1417,43.6,120,354,33.9,333,438,76.0,215,591,806,120,113,106,34,195,3143,44,0,196
15,Chris Paul,NOH,23,80,55,25,3005.6,1684,630,1291,48.8,92,249,36.9,332,390,85.1,62,259,321,925,201,217,4,185,3919,56,1,479
16,Jamal Crawford,NYK,28,80,23,57,3189.6,1645,570,1391,41.0,176,494,35.6,329,381,86.4,37,170,207,398,192,81,17,144,2592,0,0,-346
17,Monta Ellis,GSW,22,81,48,33,3070.9,1636,652,1227,53.1,12,52,23.1,320,417,76.7,133,271,404,315,173,124,27,195,2873,5,0,213
18,Michael Redd,MIL,28,72,21,51,2702.1,1632,550,1243,44.2,130,359,36.2,402,490,82.0,85,224,309,247,181,65,13,120,2426,2,0,-369
19,Rudy Gay,MEM,21,81,21,60,2999.7,1632,625,1355,46.1,134,387,34.6,248,316,78.5,140,359,499,158,190,111,79,230,2848,10,0,-490
20,Andre Iguodala,PHI,24,82,40,42,3241.8,1630,582,1277,45.6,101,307,32.9,365,506,72.1,85,361,446,391,214,171,49,187,3198,8,0,9
21,Kevin Durant,SEA,19,80,19,61,2768.0,1624,587,1366,43.0,59,205,28.8,391,448,87.3,70,278,348,192,232,78,75,122,2557,1,0,-653
22,Vince Carter,NJN,31,76,34,42,2959.0,1622,587,1287,45.6,98,273,35.9,350,429,81.6,112,341,453,389,181,93,33,241,2946,9,0,-113
23,Hedo Turkoglu,ORL,29,82,52,30,3026.2,1602,556,1219,45.6,166,415,40.0,324,391,82.9,83,388,471,409,246,74,25,244,2832,8,2,451
24,Paul Pierce,BOS,30,80,64,16,2873.7,1570,509,1098,46.4,143,365,39.2,409,485,84.3,53,358,411,363,221,101,36,200,2798,7,0,784
25,Danny Granger,IND,25,80,34,46,2875.6,1567,537,1205,44.6,171,423,40.4,322,378,85.2,93,393,486,166,171,95,84,290,2765,7,0,-153
26,Mike Dunleavy,IND,27,82,36,46,2953.2,1565,532,1117,47.6,165,389,42.4,336,403,83.4,59,365,424,288,190,86,31,208,2667,5,0,38
27,David West,NOH,27,76,52,24,2869.6,1564,629,1305,48.2,6,25,24.0,300,353,85.0,180,495,675,177,165,62,99,208,2958,29,0,409
28,Corey Maggette,LAC,28,70,21,49,2501.8,1547,458,1000,45.8,78,203,38.4,553,681,81.2,78,316,394,189,195,71,7,210,2342,6,0,-236
29,Deron Williams,UTA,24,82,54,28,3058.9,1545,566,1117,50.7,83,210,39.5,330,411,80.3,34,209,243,862,279,90,23,200,3190,52,0,425
30,Josh Howard,DAL,28,76,48,28,2757.2,1513,567,1247,45.5,67,210,31.9,312,384,81.3,120,412,532,164,114,59,32,202,2556,9,0,418
31,Tim Duncan,SAS,32,78,54,24,2650.8,1508,585,1178,49.7,0,4,0.0,338,463,73.0,237,644,881,218,178,56,152,185,3338,53,0,422
32,Chris Bosh,TOR,24,67,37,30,2424.5,1496,507,1027,49.4,10,25,40.0,472,559,84.4,174,409,583,171,153,63,67,157,2689,28,0,359
33,Rashard Lewis,ORL,28,81,52,29,3076.1,1476,516,1135,45.5,226,553,40.9,218,260,83.8,97,340,437,196,140,99,38,214,2565,1,0,417
34,Stephen Jackson,GSW,30,73,46,27,2855.3,1466,488,1204,40.5,182,501,36.3,308,370,83.2,67,251,318,300,197,92,29,171,2464,1,0,206
35,Kevin Martin,SAC,25,61,30,31,2216.1,1443,417,914,45.6,107,266,40.2,502,578,86.9,48,225,273,129,131,62,5,150,2034,2,0,-28
36,Manu Ginobili,SAS,30,74,51,23,2299.1,1442,453,984,46.0,156,389,40.1,380,442,86.0,63,291,354,332,200,109,33,173,2591,5,0,426
37,Tracy McGrady,HOU,29,66,46,20,2440.0,1427,548,1307,41.9,86,295,29.2,245,358,68.4,42,297,339,387,160,68,30,91,2548,5,1,265
38,Brandon Roy,POR,23,74,40,34,2792.0,1416,531,1170,45.4,73,215,34.0,281,373,75.3,81,267,348,430,136,79,16,147,2628,10,1,28
39,Andre Miller,PHI,32,82,40,42,3015.9,1398,569,1156,49.2,3,34,8.8,257,333,77.2,95,229,324,565,206,105,6,181,2761,14,0,-65
40,Josh Smith,ATL,22,81,37,44,2873.2,1394,518,1133,45.7,25,99,25.3,333,469,71.0,161,506,667,272,245,123,227,269,3407,19,1,-36
41,Steve Nash,PHX,34,81,55,26,2779.9,1371,485,962,50.4,179,381,47.0,222,245,90.6,28,254,282,898,295,53,5,113,2935,48,0,548
42,LaMarcus Aldridge,POR,22,76,35,41,2648.9,1350,561,1160,48.4,1,7,14.3,227,298,76.2,220,358,578,122,126,55,94,240,2548,19,0,-14
43,Kevin Garnett,BOS,32,71,57,14,2328.0,1337,534,990,53.9,0,11,0.0,269,336,80.1,135,520,655,244,138,100,89,163,2918,29,0,737
44,Ben Gordon,CHI,25,72,29,43,2291.3,1336,464,1069,43.4,142,346,41.0,266,293,90.8,40,181,221,213,150,55,8,171,1960,0,0,-231
45,Chauncey Billups,DET,31,78,56,22,2522.2,1324,393,877,44.8,137,342,40.1,401,437,91.8,42,170,212,529,160,101,17,130,2566,13,0,520
46,Tony Parker,SAS,26,69,48,21,2312.4,1295,515,1043,49.4,17,66,25.8,248,347,71.5,30,191,221,411,164,55,8,93,2202,3,0,344
47,Leandro Barbosa,PHX,25,82,55,27,2421.0,1283,472,1021,46.2,164,422,38.9,175,213,82.2,40,191,231,216,117,75,18,195,2046,0,0,124
48,Ray Allen,BOS,32,73,58,15,2623.5,1273,439,986,44.5,180,452,39.8,215,237,90.7,75,193,268,225,127,65,16,147,2048,1,0,616
49,Jason Terry,DAL,30,82,51,31,2578.6,1269,471,1008,46.7,136,363,37.5,191,223,85.7,30,178,208,264,92,88,18,170,2141,0,0,308
50,Peja Stojakovic,NOH,31,77,53,24,2711.3,1263,451,1026,44.0,231,524,44.1,130,140,92.9,64,267,331,96,61,57,10,127,1944,4,0,461
51,Dwyane Wade,MIA,26,51,10,41,1954.0,1254,439,937,46.9,22,77,28.6,354,467,75.8,45,169,214,354,224,87,37,137,2190,9,0,-256
52,Pau Gasol,LAL,27,66,32,34,2350.8,1246,475,890,53.4,4,16,25.0,292,362,80.7,155,398,553,211,124,30,98,139,2486,26,0,217
53,Richard Hamilton,DET,30,72,52,20,2424.2,1244,499,1030,48.4,62,141,44.0,184,221,83.3,75,160,235,299,132,73,10,171,2092,1,0,379
54,Zach Randolph,NYK,26,69,23,46,2244.0,1217,486,1058,45.9,22,80,27.5,223,289,77.2,184,526,710,140,186,59,16,194,2318,40,0,-275
55,Yao Ming,HOU,27,55,36,19,2043.9,1209,432,852,50.7,0,2,0.0,345,406,85.0,172,422,594,129,183,25,111,171,2340,33,0,190
56,Gerald Wallace,CHA,25,62,23,39,2375.6,1200,408,908,44.9,71,221,32.1,313,428,73.1,58,315,373,216,180,131,58,189,2359,9,0,-113
57,Marvin Williams,ATL,22,80,35,45,2765.3,1185,424,918,46.2,1,10,10.0,336,409,82.2,119,338,457,137,127,81,33,225,2154,7,0,-164
58,Caron Butler,WAS,28,58,33,25,2313.8,1180,439,943,46.6,66,185,35.7,236,262,90.1,93,295,388,284,150,128,20,160,2366,9,3,169
59,Metta World Peace,SAC,28,57,30,27,2172.0,1168,436,962,45.3,84,221,38.0,212,295,71.9,101,227,328,199,148,133,38,159,2225,6,0,86
60,Mike Miller,MEM,28,70,21,49,2474.0,1147,414,824,50.2,155,359,43.2,164,212,77.4,51,416,467,240,182,35,16,145,2038,13,0,-253
61,Raymond Felton,CHA,24,79,32,47,2972.2,1140,412,997,41.3,56,200,28.0,260,325,80.0,37,199,236,583,213,96,12,184,2409,17,0,-203
62,Mo Williams,MIL,25,66,24,42,2410.1,1137,441,919,48.0,89,231,38.5,166,194,85.6,37,193,230,419,182,78,10,188,2124,6,0,-337
63,Emeka Okafor,CHA,25,82,32,50,2718.1,1133,460,860,53.5,0,0,0.0,213,374,57.0,255,621,876,70,164,62,138,241,2725,39,0,-251
64,Ricky Davis,MIA,28,82,15,67,2963.4,1130,420,971,43.3,135,333,40.5,155,197,78.7,55,298,353,276,191,87,14,187,2080,4,0,-593
65,Andrew Bogut,MIL,23,78,26,52,2720.0,1119,465,910,51.1,0,7,0.0,189,322,58.7,245,518,763,199,172,64,135,254,2758,38,0,-349
66,Rashad McCants,MIN,23,75,20,55,2019.6,1114,428,944,45.3,142,349,40.7,116,155,74.8,50,156,206,162,172,66,18,234,1684,0,0,-117
67,Al Harrington,GSW,28,81,48,33,2190.3,1102,401,923,43.4,153,408,37.5,147,190,77.4,107,332,439,132,90,74,16,266,2007,7,0,157
68,Lamar Odom,LAL,28,77,54,23,2921.3,1094,417,795,52.5,31,113,27.4,229,328,69.8,197,622,819,273,156,75,72,222,2771,44,1,481
69,Travis Outlaw,POR,23,82,41,41,2185.8,1092,417,964,43.3,40,101,39.6,218,294,74.1,96,280,376,106,107,59,63,173,1961,4,0,-110
70,Andres Nocioni,CHI,28,82,33,49,2020.6,1080,379,877,43.2,126,346,36.4,196,243,80.7,48,294,342,95,133,25,43,245,1704,1,0,-122
71,Tayshaun Prince,DET,28,82,59,23,2693.9,1080,421,940,44.8,53,146,36.3,185,241,76.8,109,289,398,268,91,42,33,90,2094,4,0,509
72,Luol Deng,CHI,23,63,25,38,2127.9,1070,429,896,47.9,8,22,36.4,204,265,77.0,136,258,394,155,120,57,29,117,1913,6,0,-153
73,Mehmet Okur,UTA,29,72,50,22,2389.7,1047,374,841,44.5,114,294,38.8,185,230,80.4,132,424,556,145,104,55,29,236,2080,23,0,338
74,Ryan Gomes,MIN,25,82,22,60,2433.9,1033,392,857,45.7,59,179,33.0,190,229,83.0,133,342,475,145,96,65,10,154,1950,9,0,-262
75,Zydrunas Ilgauskas,CLE,33,73,41,32,2221.8,1029,417,879,47.4,0,1,0.0,195,243,80.2,263,419,682,104,135,34,120,247,2330,29,0,57
76,Anthony Parker,TOR,33,82,41,41,2633.9,1025,395,829,47.6,133,304,43.8,102,125,81.6,50,284,334,183,87,79,17,157,1901,0,0,170
77,John Salmons,SAC,28,81,37,44,2517.0,1015,381,799,47.7,39,120,32.5,214,260,82.3,76,273,349,208,170,93,31,171,1948,6,0,-271
78,Al Thornton,LAC,24,79,23,56,2157.7,1005,374,871,42.9,43,130,33.1,214,288,74.3,98,260,358,98,128,46,43,195,1721,7,0,-404
79,Cuttino Mobley,LAC,32,77,22,55,2701.8,984,377,870,43.3,67,192,34.9,163,199,81.9,50,225,275,202,123,78,34,152,1830,1,0,-439
80,Rasheed Wallace,DET,33,77,55,22,2346.3,979,376,870,43.2,112,315,35.6,115,150,76.7,84,427,511,137,86,91,129,213,2372,10,0,450
81,Shawn Marion,MIA,30,63,37,26,2315.1,972,400,787,50.8,66,198,33.3,106,150,70.7,136,507,643,138,86,125,85,150,2495,32,0,218
82,Francisco Garcia,SAC,26,79,38,41,2095.9,971,348,752,46.3,113,289,39.1,162,208,77.9,52,212,264,128,128,96,50,232,1790,1,0,-131
83,Rafer Alston,HOU,31,74,51,23,2525.9,969,364,924,39.4,143,407,35.1,98,137,71.5,28,232,260,392,160,98,18,139,2057,4,0,328
84,Brad Miller,SAC,32,72,35,37,2512.5,964,337,728,46.3,28,90,31.1,262,309,84.8,167,514,681,264,164,69,74,247,2442,29,0,86
85,Derek Fisher,LAL,33,82,57,25,2248.9,956,339,777,43.6,112,276,40.6,166,188,88.3,24,146,170,239,90,86,3,188,1696,0,0,321
86,Devin Harris,NJN,25,64,37,27,2022.4,946,321,693,46.3,56,167,33.5,248,301,82.4,28,145,173,369,161,90,10,190,1846,4,0,194
87,Tyson Chandler,NOH,25,79,54,25,2782.7,929,377,605,62.3,0,1,0.0,175,295,59.3,322,606,928,81,136,45,84,243,2415,38,0,427
88,Jose Calderon,TOR,26,82,41,41,2483.5,922,367,707,51.9,79,184,42.9,109,120,90.8,34,202,236,678,126,87,6,134,2375,25,0,180
89,Willie Green,PHI,26,74,34,40,1970.0,921,379,870,43.6,51,179,28.5,112,148,75.7,32,150,182,151,109,54,22,119,1485,0,0,0
90,Lou Williams,PHI,21,80,39,41,1862.0,920,319,752,42.4,55,153,35.9,227,290,78.3,41,126,167,253,125,81,13,130,1657,0,0,4
91,Grant Hill,PHX,35,70,46,24,2222.1,919,358,712,50.3,33,104,31.7,170,196,86.7,74,279,353,203,96,65,56,153,1914,4,0,318
92,DeShawn Stevenson,WAS,27,82,43,39,2564.1,917,301,780,38.6,158,413,38.3,157,197,79.7,37,198,235,252,102,65,15,110,1715,0,0,113
93,Troy Murphy,IND,28,75,33,42,2105.7,916,315,693,45.5,94,236,39.8,192,241,79.7,108,435,543,165,96,49,32,217,1962,10,0,-61
94,Ronnie Brewer,UTA,23,76,49,27,2087.7,914,354,634,55.8,11,50,22.0,195,257,75.9,97,121,218,134,69,129,19,110,1752,0,0,283
95,Nate Robinson,NYK,24,72,20,52,1882.8,913,331,782,42.3,97,292,33.2,154,196,78.6,51,171,222,212,103,60,1,186,1577,0,0,-147
96,JR Smith,DEN,22,74,44,30,1421.0,907,311,674,46.1,157,390,40.3,128,178,71.9,43,109,152,128,112,62,12,144,1391,0,0,200
97,Josh Childress,ATL,25,76,33,43,2274.1,898,327,573,57.1,22,60,36.7,222,275,80.7,174,199,373,117,98,71,43,129,1765,3,0,-126
98,Juan Carlos Navarro,MEM,28,82,22,60,2117.2,896,308,766,40.2,156,432,36.1,124,146,84.9,34,176,210,177,134,48,1,94,1427,1,0,-295
99,Raja Bell,PHX,31,75,48,27,2646.2,889,317,753,42.1,176,439,40.1,79,91,86.8,47,227,274,168,65,54,27,220,1648,1,0,369
100,Charlie Villanueva,MIL,23,76,24,52,1828.8,886,354,814,43.5,55,185,29.7,123,157,78.3,145,321,466,78,107,30,35,174,1650,9,0,-351
101,Linas Kleiza,DEN,23,79,49,30,1888.9,880,311,659,47.2,94,277,33.9,164,213,77.0,92,241,333,95,89,44,19,181,1522,1,0,242
102,Chris Kaman,LAC,26,56,20,36,2082.7,878,338,700,48.3,0,4,0.0,202,265,76.2,173,538,711,107,164,33,155,179,2292,36,0,-186
103,Kenyon Martin,DEN,30,71,46,25,2158.5,877,376,699,53.8,2,11,18.2,123,212,58.0,105,356,461,90,91,88,85,235,1993,10,0,93
104,David Lee,NYK,25,81,22,59,2355.8,876,341,618,55.2,0,2,0.0,194,237,81.9,242,482,724,95,97,55,29,210,2042,23,0,-244
105,Jason Kidd,DAL,35,80,39,41,2905.5,864,305,793,38.5,119,312,38.1,135,165,81.8,94,506,600,806,266,136,26,165,3013,35,13,22
106,Samuel Dalembert,PHI,28,82,40,42,2724.3,864,339,661,51.3,0,1,0.0,186,263,70.7,304,545,849,45,155,40,192,269,2491,26,0,10
107,Kirk Hinrich,CHI,27,75,31,44,2379.5,862,330,797,41.4,84,240,35.0,118,142,83.1,28,216,244,452,157,87,19,224,1994,7,1,-145
108,Wally Szczerbiak,CLE,31,75,24,51,1736.5,861,311,722,43.1,90,218,41.3,149,175,85.1,34,183,217,104,76,23,12,103,1306,0,0,-2
109,Hakim Warrick,MEM,25,75,20,55,1753.7,852,328,653,50.2,13,48,27.1,183,260,70.4,123,233,356,53,85,36,28,156,1466,5,0,-470
110,Brendan Haywood,WAS,28,80,41,39,2227.8,848,316,599,52.8,0,0,0.0,216,294,73.5,273,303,576,71,108,31,133,216,2030,16,0,84
111,Luis Scola,HOU,28,82,55,27,2023.6,847,345,670,51.5,0,3,0.0,157,235,66.8,174,351,525,106,105,60,19,235,1768,10,0,168
112,Earl Watson,SEA,29,78,19,59,2269.1,838,339,747,45.4,49,132,37.1,111,145,76.6,43,182,225,531,175,69,11,158,1970,7,1,-434
113,Jeff Green,SEA,21,80,19,61,2253.1,838,320,749,42.7,21,76,27.6,177,238,74.4,101,278,379,119,158,46,49,198,1598,4,0,-508
114,Beno Udrih,SAC,25,65,31,34,2079.5,834,328,708,46.3,53,137,38.7,125,147,85.0,34,183,217,282,148,56,10,138,1567,3,0,-22
115,Shaquille O'Neal,PHX,36,61,25,36,1748.1,832,331,558,59.3,0,0,0.0,170,338,50.3,166,388,554,93,181,32,88,228,1815,21,0,6
116,Chris Wilcox,SEA,25,62,16,46,1738.7,828,334,638,52.4,0,3,0.0,160,248,64.5,126,307,433,74,103,46,36,174,1602,17,0,-184
117,Larry Hughes,CHI,29,68,34,34,2020.2,827,305,801,38.1,67,194,34.5,150,188,79.8,39,191,230,181,116,99,17,139,1607,0,0,-178
118,Drew Gooden,CHI,26,69,35,34,2121.6,826,332,740,44.9,0,6,0.0,162,215,75.3,175,415,590,81,122,48,53,203,1837,24,0,-112
119,Michael Finley,SAS,35,82,56,26,2203.9,826,315,761,41.4,132,357,37.0,64,80,80.0,27,227,254,114,56,29,10,93,1363,0,0,220
120,Al Horford,ATL,22,81,37,44,2539.9,821,333,668,49.9,0,5,0.0,155,212,73.1,248,537,785,124,137,60,76,267,2220,25,0,-114
121,Jarrett Jack,POR,24,82,41,41,2229.4,814,267,620,43.1,65,190,34.2,215,248,86.7,31,203,234,313,178,61,1,129,1572,3,0,-160
122,Rajon Rondo,BOS,22,77,62,15,2305.7,814,351,713,49.2,5,19,26.3,107,175,61.1,78,244,322,393,147,129,13,187,2069,4,0,611
123,Martell Webster,POR,21,75,38,37,2132.3,799,277,656,42.2,123,317,38.8,122,166,73.5,54,242,296,90,83,42,28,159,1416,0,0,-87
124,Andris Biedrins,GSW,22,76,44,32,2078.3,796,340,543,62.6,0,0,0.0,116,187,62.0,256,488,744,75,85,56,94,262,2166,27,0,208
125,Andrea Bargnani,TOR,22,78,39,39,1861.1,792,280,725,38.6,90,261,34.5,142,169,84.0,50,238,288,89,88,23,37,211,1363,1,0,123
126,Andrei Kirilenko,UTA,27,72,47,25,2216.9,792,275,544,50.6,44,116,37.9,198,257,77.0,121,218,339,285,140,86,109,165,2071,4,1,398
127,Kyle Lowry,MEM,22,82,22,60,2089.0,791,256,592,43.2,36,140,25.7,243,348,69.8,41,209,250,296,127,92,22,185,1750,1,0,-195
128,Eddy Curry,NYK,25,59,17,42,1530.2,781,297,544,54.6,0,0,0.0,187,300,62.3,111,164,275,32,126,14,29,157,1162,2,0,-407
129,Tim Thomas,LAC,31,63,18,45,1939.7,780,291,705,41.3,83,271,30.6,115,153,75.2,62,261,323,171,98,40,29,192,1533,3,0,-211
130,Joe Smith,CLE,32,77,34,43,1725.8,778,312,653,47.8,0,3,0.0,154,204,75.5,163,238,401,66,71,34,47,186,1530,6,0,-21
131,Nick Collison,SEA,27,78,19,59,2222.7,767,322,641,50.2,0,2,0.0,123,167,73.7,254,476,730,113,118,47,60,250,2016,23,0,-358
132,Jameer Nelson,ORL,26,69,42,27,1960.8,755,283,603,46.9,64,154,41.6,125,151,82.8,28,215,243,383,141,63,4,167,1681,3,0,232
133,Jordan Farmar,LAL,21,82,57,25,1689.9,749,291,631,46.1,114,307,37.1,53,78,67.9,39,144,183,225,108,77,5,105,1444,0,0,281
134,Shane Battier,HOU,29,80,54,26,2906.7,744,265,619,42.8,139,369,37.7,75,101,74.3,131,276,407,155,78,77,90,196,1888,1,0,338
135,Kyle Korver,UTA,27,75,50,25,1732.7,740,255,575,44.3,111,296,37.5,119,130,91.5,21,151,172,101,75,42,29,192,1236,1,0,234
136,Bostjan Nachbar,NJN,27,75,33,42,1659.5,738,245,609,40.2,94,262,35.9,154,196,78.6,56,204,260,88,85,44,21,182,1292,1,0,-269
137,Carlos Delfino,TOR,25,82,41,41,1928.2,738,251,632,39.7,120,314,38.2,116,156,74.4,66,293,359,145,75,69,11,177,1551,1,0,22
138,Craig Smith,MIN,24,77,18,59,1546.5,727,297,528,56.3,0,9,0.0,133,200,66.5,123,230,353,60,89,36,17,217,1311,1,0,-230
139,Boris Diaw,PHX,26,82,55,27,2307.6,725,308,646,47.7,13,41,31.7,96,129,74.4,97,281,378,317,155,61,39,166,1799,4,0,160
140,Roger Mason Jr.,WAS,27,80,42,38,1707.6,724,266,600,44.3,130,327,39.8,62,71,87.3,17,113,130,134,69,40,18,140,1186,0,0,-42
141,Marcus Camby,DEN,34,79,48,31,2757.7,721,286,635,45.0,6,20,30.0,143,202,70.8,230,807,1037,259,118,85,285,216,3346,30,2,230
142,Matt Carroll,CHA,27,80,32,48,2015.9,720,252,589,42.8,105,241,43.6,111,138,80.4,33,193,226,73,58,46,19,187,1238,0,0,-95
143,Keith Bogans,ORL,28,82,52,30,2197.7,711,241,588,41.0,148,409,36.2,81,110,73.6,42,224,266,104,53,59,10,164,1340,2,0,302
144,Damien Wilkins,SEA,28,76,18,58,1843.5,698,271,673,40.3,50,155,32.3,106,144,73.6,72,173,245,150,89,62,19,128,1371,0,0,-445
145,Mikki Moore,SAC,32,82,38,44,2385.2,698,282,489,57.7,0,2,0.0,134,182,73.6,160,334,494,84,110,35,46,310,1550,6,0,-106
146,Kelenna Azubuike,GSW,24,81,48,33,1732.0,692,261,587,44.5,71,195,36.4,99,138,71.7,107,217,324,75,58,45,34,159,1372,3,0,-6
147,Steve Blake,POR,28,81,41,40,2424.3,692,261,640,40.8,121,298,40.6,49,64,76.6,31,164,195,413,113,55,4,133,1610,3,0,69
148,Antonio McDyess,DET,33,78,57,21,2284.8,683,293,600,48.8,0,2,0.0,97,156,62.2,204,462,666,89,75,61,53,246,1883,16,0,307
149,Mike Bibby,ATL,30,48,24,24,1573.2,667,248,603,41.1,93,248,37.5,78,100,78.0,16,144,160,290,119,54,4,97,1349,5,0,-23
150,Maurice Evans,ORL,29,75,46,29,1720.6,664,262,545,48.1,81,209,38.8,59,83,71.1,92,126,218,81,40,46,10,142,1175,0,0,130
151,Bonzi Wells,NOH,31,73,44,29,1561.2,662,252,569,44.3,12,50,24.0,146,227,64.3,84,247,331,97,103,75,32,157,1423,6,0,25
152,Jamario Moon,TOR,28,78,39,39,2166.0,661,279,575,48.5,40,122,32.8,63,85,74.1,92,392,484,90,51,80,108,152,1890,3,0,270
153,Paul Millsap,UTA,23,82,54,28,1701.7,661,253,502,50.4,0,4,0.0,155,229,67.7,167,293,460,81,87,72,73,269,1683,4,0,218
154,Brandon Bass,DAL,23,79,48,31,1556.5,654,246,493,49.9,0,4,0.0,162,197,82.2,120,227,347,58,82,22,48,150,1285,3,0,-43
155,Jason Maxiell,DET,25,82,59,23,1767.8,651,240,446,53.8,0,1,0.0,171,270,63.3,177,256,433,46,71,21,94,183,1514,4,0,207
156,Jannero Pargo,NOH,28,80,54,26,1497.4,644,254,652,39.0,65,186,34.9,71,81,87.7,26,104,130,192,93,50,5,123,1160,0,0,61
157,Nazr Mohammed,CHA,30,82,39,43,1649.8,639,272,528,51.5,0,1,0.0,95,163,58.3,194,300,494,72,101,45,60,230,1554,11,0,-217
158,Sasha Vujacic,LAL,24,72,49,23,1279.1,632,219,482,45.4,118,270,43.7,76,91,83.5,19,135,154,72,52,36,5,107,996,0,0,144
159,Matt Harpring,UTA,32,76,50,26,1374.0,622,237,474,50.0,2,10,20.0,146,205,71.2,96,144,240,82,95,45,14,162,1115,0,0,27
160,Marko Jaric,MIN,29,75,20,55,2188.5,621,227,528,43.0,46,127,36.2,121,163,74.2,38,184,222,311,128,97,32,180,1613,3,0,-360
161,Andray Blatche,WAS,21,82,43,39,1674.6,618,254,536,47.4,3,13,23.1,107,154,69.5,164,261,425,92,112,53,114,258,1655,9,0,-240
162,Jerry Stackhouse,DAL,33,58,39,19,1412.4,618,213,526,40.5,60,184,32.6,132,148,89.2,33,100,133,145,86,28,10,82,1023,0,0,62
163,T.J. Ford,TOR,25,51,22,29,1199.4,617,246,524,46.9,15,51,29.4,110,125,88.0,23,77,100,313,102,54,0,93,1267,2,0,-4
164,Sam Cassell,BOS,38,55,29,26,1273.4,616,233,532,43.8,23,76,30.3,127,144,88.2,17,119,136,214,97,37,6,98,1132,0,0,-72
165,Thaddeus Young,PHI,20,74,38,36,1554.4,610,264,490,53.9,6,19,31.6,76,103,73.8,120,192,312,58,64,73,8,126,1250,0,0,184
166,Morris Peterson,NOH,30,76,52,24,1795.7,608,215,516,41.7,113,287,39.4,65,85,76.5,36,170,206,67,41,47,7,125,1077,0,0,212
167,Marquis Daniels,IND,27,74,36,38,1545.7,606,241,561,43.0,27,102,26.5,97,139,69.8,66,146,212,137,112,79,18,121,1245,0,0,5
168,Daniel Gibson,CLE,22,58,32,26,1765.5,605,201,465,43.2,118,268,44.0,85,105,81.0,30,104,134,145,76,47,14,163,1090,0,0,95
169,Antonio Daniels,WAS,33,71,40,31,2160.7,597,205,447,45.9,17,74,23.0,170,219,77.6,23,180,203,340,91,69,2,78,1473,3,0,12
170,Udonis Haslem,MIA,28,49,10,39,1805.5,589,237,507,46.7,0,0,0.0,115,142,81.0,107,336,443,68,67,39,18,145,1327,11,0,-332
171,Jason Williams,MIA,32,67,12,55,1886.2,588,211,550,38.4,97,275,35.3,69,80,86.3,12,118,130,307,91,83,5,93,1378,2,0,-418
172,Kareem Rush,IND,27,71,30,41,1504.2,588,228,569,40.1,102,262,38.9,30,42,71.4,19,149,168,89,62,42,19,108,1044,1,0,-107
173,Devin Brown,CLE,29,78,44,34,1762.4,586,217,531,40.9,45,146,30.8,107,142,75.4,65,198,263,175,99,52,7,144,1242,2,0,-43
174,Eddie House,BOS,30,78,62,16,1480.5,584,217,531,40.9,117,298,39.3,33,36,91.7,19,148,167,152,76,59,10,114,1143,0,0,278
175,Keyon Dooling,ORL,28,72,45,27,1334.2,581,198,423,46.8,22,65,33.8,163,193,84.5,7,94,101,133,61,36,5,131,964,0,0,115
176,Mark Blount,MIA,32,69,11,58,1541.6,581,238,515,46.2,17,44,38.6,88,138,63.8,69,194,263,41,70,33,34,133,1089,3,0,-326
177,Jason Kapono,TOR,27,81,40,41,1529.7,580,243,498,48.8,57,118,48.3,37,43,86.0,31,89,120,65,58,34,2,131,872,0,0,20
178,Josh Boone,NJN,23,70,29,41,1772.7,575,238,434,54.8,0,0,0.0,99,217,45.6,192,317,509,55,68,36,61,155,1491,13,0,-152
179,Desmond Mason,MIL,30,59,18,41,1701.7,574,230,477,48.2,0,0,0.0,114,173,65.9,75,181,256,121,83,40,30,106,1190,2,0,-168
180,Jermaine O'Neal,IND,29,42,19,23,1206.0,571,225,512,43.9,0,5,0.0,121,163,74.2,82,201,283,93,106,20,87,129,1265,7,0,-50
181,Yi Jianlian,MIL,20,66,24,42,1646.6,566,219,520,42.1,6,21,28.6,122,145,84.1,106,238,344,55,90,36,56,153,1247,1,0,-233
182,Nick Young,WAS,23,75,36,39,1157.7,561,210,478,43.9,40,100,40.0,101,124,81.5,23,92,115,63,94,35,7,130,826,0,0,-178
183,Luther Head,HOU,25,73,46,27,1378.8,557,206,477,43.2,79,225,35.1,66,81,81.5,18,117,135,138,70,44,9,75,1015,0,0,130
184,Sebastian Telfair,MIN,23,60,13,47,1932.7,556,223,556,40.1,32,114,28.1,78,105,74.3,16,119,135,355,111,59,11,171,1350,2,0,-397
185,Bobby Jackson,HOU,35,72,52,20,1388.6,553,204,506,40.3,81,226,35.8,64,81,79.0,33,148,181,139,59,45,5,96,1070,0,0,149
186,Jarvis Hayes,DET,26,82,59,23,1287.2,552,217,504,43.1,73,194,37.6,45,60,75.0,35,143,178,62,47,47,6,137,971,0,0,94
187,Rasho Nesterovic,TOR,32,71,35,36,1486.1,552,257,467,55.0,1,3,33.3,37,49,75.5,130,212,342,82,60,20,52,132,1241,5,0,56
188,Anthony Carter,DEN,33,70,42,28,1959.7,545,218,476,45.8,45,129,34.9,64,85,75.3,27,173,200,388,124,107,28,172,1648,4,0,2
189,James Posey,BOS,31,74,60,14,1821.4,545,173,414,41.8,106,279,38.0,93,115,80.9,30,292,322,114,65,72,19,182,1310,1,0,193
190,Vladimir Radmanovic,LAL,27,65,45,20,1483.2,543,198,437,45.3,95,234,40.6,52,65,80.0,56,159,215,123,73,46,12,147,1087,2,0,356
191,Kendrick Perkins,BOS,23,78,62,16,1912.0,542,214,348,61.5,0,1,0.0,114,183,62.3,145,329,474,84,125,31,114,242,1547,5,0,499
192,Luke Walton,LAL,28,74,51,23,1729.5,535,215,478,45.0,28,84,33.3,77,109,70.6,85,206,291,218,100,60,18,133,1345,0,0,219
193,Fred Jones,NYK,29,70,18,52,1756.5,532,182,432,42.1,74,192,38.5,94,126,74.6,30,140,170,166,78,48,18,140,1105,0,0,-260
194,Bobby Simmons,MIL,28,70,24,46,1521.2,531,209,496,42.1,60,171,35.1,53,70,75.7,67,159,226,80,78,50,5,140,1009,0,0,-217
195,Channing Frye,POR,25,78,40,38,1342.0,530,221,453,48.8,3,10,30.0,85,109,78.0,107,247,354,57,55,29,27,208,1153,3,0,43
196,Quentin Richardson,NYK,28,65,20,45,1841.0,527,199,555,35.9,69,214,32.2,60,88,68.2,56,259,315,116,69,44,15,153,1187,1,0,-305
197,Daequan Cook,MIA,21,59,9,50,1440.7,518,196,514,38.1,79,238,33.2,47,57,82.5,20,157,177,75,63,23,9,157,876,0,0,-309
198,Ronny Turiaf,LAL,25,78,53,25,1457.8,516,188,397,47.4,0,1,0.0,140,186,75.3,95,211,306,128,72,28,108,199,1411,0,0,134
199,Charlie Bell,MIL,29,68,24,44,1628.2,514,185,486,38.1,74,217,34.1,70,87,80.5,31,136,167,210,76,52,2,121,1115,0,0,-249
200,Randy Foye,MIN,24,39,14,25,1258.7,510,198,462,42.9,61,148,41.2,53,65,81.5,13,115,128,164,79,36,3,102,948,1,0,-143
201,Delonte West,CLE,24,61,23,38,1533.6,507,196,475,41.3,48,135,35.6,67,91,73.6,31,162,193,229,117,59,29,103,1229,1,0,-84
202,Darko Milicic,MEM,23,70,19,51,1663.2,505,219,500,43.8,0,1,0.0,67,121,55.4,127,297,424,58,101,32,114,185,1438,11,0,-296
203,Tyrus Thomas,CHI,21,74,27,47,1330.2,502,186,440,42.3,1,6,16.7,129,174,74.1,102,240,342,90,77,48,72,170,1330,6,0,-31
204,Mike Conley,MEM,20,53,14,39,1381.3,498,189,442,42.8,30,91,33.0,90,123,73.2,21,118,139,222,89,44,2,85,1047,2,0,-286
205,Jeff Foster,IND,31,77,34,43,1883.5,496,205,373,55.0,0,3,0.0,86,145,59.3,264,404,668,129,62,56,32,221,1693,10,0,-42
206,Darius Songaila,WAS,30,80,42,38,1554.2,495,214,467,45.8,0,2,0.0,67,73,91.8,81,190,271,135,86,53,16,181,1144,0,0,21
207,Tony Allen,BOS,26,75,61,14,1372.9,494,169,389,43.4,18,57,31.6,138,181,76.2,34,134,168,114,109,62,21,168,1007,0,0,218
208,Joakim Noah,CHI,23,74,31,43,1533.7,488,177,367,48.2,0,1,0.0,134,194,69.1,174,242,416,84,89,68,64,173,1420,8,0,-28
209,Matt Barnes,GSW,28,73,42,31,1413.8,486,187,442,42.3,53,181,29.3,59,79,74.7,94,230,324,139,85,48,36,159,1250,2,0,0
210,Bruce Bowen,SAS,37,81,56,25,2447.6,483,174,428,40.7,90,215,41.9,45,69,65.2,33,201,234,91,46,54,22,177,1082,0,0,204
211,Mickael Pietrus,GSW,26,66,40,26,1315.6,472,170,387,43.9,66,183,36.1,66,98,67.3,67,175,242,49,48,66,43,200,1115,3,0,21
212,Chris Quinn,MIA,24,60,11,49,1339.6,465,158,373,42.4,64,159,40.3,85,98,86.7,11,107,118,178,55,46,4,90,969,0,0,-164
213,Eduardo Najera,DEN,31,78,48,30,1663.7,464,174,368,47.3,53,147,36.1,63,89,70.8,113,224,337,95,59,69,40,199,1279,0,0,315
214,Jamaal Tinsley,IND,30,39,16,23,1293.2,464,176,463,38.0,40,141,28.4,72,100,72.0,24,117,141,326,130,66,10,97,1220,11,0,4
215,Thabo Sefolosha,CHI,24,69,27,42,1435.7,464,180,421,42.8,29,88,33.0,75,104,72.1,50,205,255,129,93,61,30,128,1144,3,0,-101
216,James Jones,POR,27,58,33,25,1275.7,463,143,327,43.7,91,205,44.4,86,98,87.8,43,118,161,34,28,24,15,96,796,0,0,38
217,Andrew Bynum,LAL,20,35,24,11,1008.3,460,189,297,63.6,0,0,0.0,82,118,69.5,105,251,356,61,52,12,72,98,1179,18,0,238
218,Corey Brewer,MIN,22,79,21,58,1802.6,459,182,486,37.4,7,36,19.4,88,110,80.0,82,210,292,111,89,76,25,188,1190,0,0,-321
219,Travis Diener,IND,26,66,28,38,1356.2,456,159,430,37.0,74,233,31.8,64,71,90.1,26,89,115,251,55,35,4,107,1033,1,0,-52
220,Leon Powe,BOS,24,56,46,10,809.3,445,154,269,57.2,0,1,0.0,137,193,71.0,95,132,227,15,43,15,16,127,790,5,0,101
221,Kurt Thomas,SAS,35,70,32,38,1584.2,443,195,396,49.2,0,1,0.0,53,80,66.3,130,377,507,67,46,56,57,188,1445,4,0,-72
222,Erick Dampier,DAL,32,72,44,28,1755.0,440,178,277,64.3,0,0,0.0,84,146,57.5,207,332,539,63,80,24,106,226,1491,6,0,168
223,Damon Jones,CLE,31,67,35,32,1336.1,437,151,363,41.6,115,276,41.7,20,28,71.4,5,67,72,126,36,19,1,66,736,0,0,62
224,Shawne Williams,IND,22,65,25,40,967.0,437,159,372,42.7,43,137,31.4,76,106,71.7,54,122,176,59,58,26,26,132,835,1,0,-46
225,Rodney Stuckey,DET,22,57,41,16,1080.9,436,153,382,40.1,3,16,18.8,127,156,81.4,32,97,129,160,78,49,6,113,918,0,0,57
226,Johan Petro,SEA,22,72,18,54,1310.3,432,184,439,41.9,0,1,0.0,64,87,73.6,98,272,370,32,73,35,42,173,1082,3,0,-287
227,Carlos Arroyo,ORL,28,62,40,22,1269.0,430,157,348,45.1,29,84,34.5,87,102,85.3,10,103,113,219,77,26,2,85,901,0,0,134
228,Reggie Evans,PHI,28,81,40,41,1879.0,425,152,346,43.9,1,1,100,120,257,46.7,224,387,611,65,108,86,8,213,1430,4,0,-71
229,Ime Udoka,SAS,30,73,50,23,1316.0,423,159,375,42.4,61,165,37.0,44,58,75.9,36,192,228,63,58,56,17,127,952,1,0,164
230,Jared Dudley,CHA,22,73,29,44,1383.8,422,163,348,46.8,9,41,22.0,87,118,73.7,121,165,286,81,50,55,10,128,1032,4,0,-43
231,Royal Ivey,MIL,26,75,22,53,1436.7,418,149,378,39.4,35,107,32.7,85,117,72.6,38,80,118,160,75,45,7,166,881,0,0,-259
232,Rodney Carney,PHI,24,70,36,34,1038.7,409,158,392,40.3,38,120,31.7,55,81,67.9,50,99,149,32,34,39,23,96,788,0,0,24
233,Sean Williams,NJN,21,73,28,45,1278.3,409,164,305,53.8,0,0,0.0,81,133,60.9,115,207,322,28,70,28,106,193,1169,2,0,-185
234,Fabricio Oberto,SAS,33,82,56,26,1643.7,397,180,296,60.8,0,1,0.0,37,61,60.7,153,277,430,95,51,37,20,203,1176,4,0,54
235,Kris Humphries,TOR,23,70,38,32,925.0,397,161,333,48.3,0,2,0.0,75,124,60.5,90,169,259,28,47,25,28,107,862,2,0,-42
236,Flip Murray,IND,28,42,26,16,873.3,396,154,367,42.0,20,63,31.7,68,98,69.4,23,60,83,144,84,38,4,50,754,2,0,-38
237,Luke Ridnour,SEA,27,61,14,47,1223.0,393,147,368,39.9,21,71,29.6,78,91,85.7,13,81,94,241,80,37,14,120,940,1,0,-164
238,Anthony Johnson,SAC,33,69,32,37,1530.3,387,155,355,43.7,42,93,45.2,35,43,81.4,22,115,137,262,84,52,9,115,1043,4,0,-101
239,Chris Duhon,CHI,25,66,25,41,1489.9,385,133,344,38.7,54,155,34.8,65,80,81.3,19,97,116,263,71,48,2,92,998,1,0,-67
240,Sasha Pavlovic,CLE,24,51,28,23,1188.2,379,146,403,36.2,34,114,29.8,53,77,68.8,35,93,128,82,55,29,6,117,706,0,0,-58
241,Joel Przybilla,POR,28,77,38,39,1819.4,371,144,250,57.6,0,1,0.0,83,122,68.0,195,454,649,27,95,13,93,234,1413,4,0,-103
242,Antoine Walker,MIN,31,46,10,36,892.4,368,136,375,36.3,61,188,32.4,35,66,53.0,56,112,168,45,46,33,8,80,714,1,0,-85
243,Quincy Douby,SAC,24,74,32,42,876.5,354,132,335,39.4,42,122,34.4,48,52,92.3,17,66,83,53,59,30,12,80,600,0,0,-144
244,Josh Powell,LAC,25,64,16,48,1227.5,353,145,315,46.0,0,3,0.0,63,87,72.4,115,216,331,47,65,14,23,130,867,6,0,-323
245,Dan Dickau,LAC,29,67,15,52,1039.6,352,124,296,41.9,36,108,33.3,68,82,82.9,13,84,97,172,55,32,3,108,776,0,0,-69
246,Antoine Wright,DAL,24,56,26,30,1231.2,350,136,329,41.3,32,110,29.1,46,67,68.7,40,107,147,80,50,28,21,127,743,0,0,-178
247,Ben Wallace,CLE,33,72,31,41,2205.0,348,138,352,39.2,0,4,0.0,72,169,42.6,234,370,604,105,67,88,117,121,1778,4,0,-130
248,Dorell Wright,MIA,22,44,7,37,1103.9,347,143,293,48.8,4,11,36.4,57,69,82.6,48,172,220,60,29,29,41,79,882,4,0,-156
249,Stromile Swift,NJN,28,56,20,36,844.6,343,135,265,50.9,0,2,0.0,73,109,67.0,64,135,199,26,51,15,54,113,777,1,0,-81
250,Carl Landry,HOU,24,42,32,10,711.4,342,135,219,61.6,0,1,0.0,72,109,66.1,96,111,207,21,26,17,7,98,668,1,0,96
251,Jason Smith,PHI,22,76,38,38,1106.5,340,141,310,45.5,4,14,28.6,54,82,65.9,77,153,230,20,48,22,50,142,814,0,0,39
252,Brevin Knight,LAC,32,74,22,52,1673.9,338,138,342,40.4,0,6,0.0,62,71,87.3,15,127,142,328,71,100,11,160,1262,1,0,-332
253,Malik Allen,DAL,30,73,34,39,1095.7,338,157,327,48.0,1,2,50.0,23,25,92.0,66,130,196,44,45,19,31,149,744,0,0,-40
254,Spencer Hawes,SAC,20,71,33,38,931.3,334,146,318,45.9,4,21,19.0,38,58,65.5,68,162,230,44,56,14,40,128,782,2,0,-99
255,Stephon Marbury,NYK,31,24,6,18,805.0,333,111,265,41.9,28,74,37.8,83,116,71.6,17,42,59,113,48,21,2,57,594,0,0,-162
256,Earl Barron,MIA,26,46,8,38,889.1,326,132,327,40.4,1,13,7.7,61,87,70.1,67,131,198,29,48,19,8,114,640,0,0,-210
257,Matt Bonner,SAS,28,68,45,23,852.6,326,121,291,41.6,46,137,33.6,38,44,86.4,53,139,192,32,39,14,17,111,658,2,0,82
258,Gordan Giricek,PHX,31,56,32,24,830.7,325,133,302,44.0,36,99,36.4,23,26,88.5,16,80,96,62,52,24,4,82,565,0,0,48
259,Zaza Pachulia,ATL,24,62,28,34,943.9,322,107,245,43.7,0,3,0.0,108,153,70.6,89,159,248,36,69,24,13,140,716,2,0,-49
260,Anderson Varejao,CLE,25,48,28,20,1319.4,321,136,295,46.1,0,2,0.0,49,82,59.8,134,265,399,53,59,37,26,134,1009,6,0,75
261,Damon Stoudamire,SAS,34,60,31,29,1037.3,317,120,337,35.6,50,149,33.6,27,34,79.4,20,98,118,165,80,30,2,76,722,0,0,-90
262,Glen Davis,BOS,22,69,56,13,940.4,313,107,221,48.4,0,0,0.0,99,150,66.0,95,113,208,28,65,31,20,160,693,0,0,106
263,Marcus Williams,NJN,22,53,21,32,853.8,313,111,293,37.9,54,142,38.0,37,47,78.7,14,87,101,140,75,25,3,52,653,0,0,-183
264,Quinton Ross,LAC,27,76,22,54,1504.7,311,131,335,39.1,9,21,42.9,40,60,66.7,54,118,172,88,29,43,33,132,848,0,0,-324
265,Jacque Vaughn,SAS,33,74,49,25,1139.2,306,121,283,42.8,3,10,30.0,61,80,76.3,13,61,74,159,54,23,1,97,651,0,0,29
266,Nenad Krstic,NJN,24,45,17,28,811.6,298,123,300,41.0,0,2,0.0,52,69,75.4,35,165,200,27,41,9,17,111,616,3,0,-80
267,CJ Miles,UTA,21,60,38,22,689.4,297,113,236,47.9,30,77,39.0,41,52,78.8,16,62,78,53,27,32,8,98,563,0,0,120
268,Tyronn Lue,DAL,31,50,21,29,736.3,290,113,253,44.7,39,86,45.3,25,32,78.1,9,45,54,74,27,11,1,66,475,0,0,2
269,Javaris Crittenton,MEM,20,50,25,25,678.2,278,98,233,42.1,10,37,27.0,72,104,69.2,27,83,110,51,55,19,2,47,495,0,0,-41
270,Arron Afflalo,DET,22,75,55,20,970.3,276,99,241,41.1,10,48,20.8,68,87,78.2,36,101,137,52,34,31,8,83,601,0,0,120
271,Mike James,NOH,33,54,28,26,719.7,272,101,290,34.8,31,97,32.0,39,48,81.3,14,55,69,60,36,21,2,56,478,0,0,-44
272,Jared Jeffries,NYK,26,73,20,53,1324.6,269,108,270,40.0,4,25,16.0,49,93,52.7,118,125,243,66,64,36,23,132,773,1,0,-75
273,Aaron Brooks,HOU,23,51,36,15,608.1,264,93,225,41.3,36,109,33.0,42,49,85.7,13,43,56,87,44,13,5,69,472,0,0,-4
274,Juan Dixon,DET,29,53,32,21,668.1,263,106,258,41.1,30,72,41.7,21,26,80.8,15,60,75,97,54,21,2,62,514,0,0,85
275,Aaron Gray,CHI,23,61,23,38,613.0,262,103,204,50.5,0,1,0.0,56,99,56.6,70,98,168,41,57,21,16,117,579,2,0,-21
276,Kirk Snyder,MIN,25,36,14,22,760.9,261,96,189,50.8,5,23,21.7,64,88,72.7,30,96,126,64,52,20,15,55,561,1,0,-46
277,Shelden Williams,SAC,24,64,29,35,776.0,255,92,212,43.4,0,2,0.0,71,105,67.6,68,137,205,19,35,22,21,110,624,2,0,-31
278,Wilson Chandler,NYK,21,35,8,27,685.1,255,106,242,43.8,9,30,30.0,34,54,63.0,38,89,127,33,27,15,16,83,523,1,0,-95
279,Gilbert Arenas,WAS,26,13,6,7,424.8,252,78,196,39.8,22,78,28.2,74,96,77.1,6,45,51,66,49,23,1,30,435,1,0,7
280,Rasual Butler,NOH,29,51,37,14,875.4,252,91,260,35.0,44,133,33.1,26,31,83.9,16,84,100,36,10,15,21,66,524,0,0,45
281,Jeff McInnis,CHA,33,54,19,35,1410.4,242,108,249,43.4,3,19,15.8,23,30,76.7,16,80,96,220,76,23,3,120,689,0,0,-224
282,Marcus Banks,MIA,26,36,21,15,568.9,239,86,191,45.0,40,102,39.2,27,35,77.1,4,41,45,61,37,14,13,65,429,0,0,-89
283,Brian Cook,ORL,27,51,33,18,628.9,238,88,234,37.6,43,115,37.4,19,21,90.5,28,81,109,27,39,13,12,93,445,0,0,12
284,Chuck Hayes,HOU,25,79,52,27,1575.3,237,113,221,51.1,0,3,0.0,11,24,45.8,132,295,427,91,62,85,43,212,1208,0,0,207
285,Acie Law,ATL,23,56,25,31,865.4,235,95,237,40.1,7,34,20.6,38,48,79.2,12,45,57,113,56,29,0,73,504,0,0,-120
286,David Harrison,IND,25,55,26,29,702.3,229,90,170,52.9,0,0,0.0,49,96,51.0,43,75,118,14,58,20,59,164,571,0,0,-7
287,Ronnie Price,UTA,25,61,43,18,588.4,228,88,204,43.1,26,75,34.7,26,38,68.4,8,38,46,78,30,32,3,83,475,0,0,161
288,DeSagana Diop,NJN,26,79,44,35,1295.5,226,94,180,52.2,0,0,0.0,38,70,54.3,160,232,392,40,58,26,88,146,1040,1,0,66
289,Renaldo Balkman,NYK,23,65,21,44,952.0,224,91,186,48.9,1,12,8.3,41,95,43.2,83,133,216,40,37,44,30,132,728,1,0,-99
290,Julian Wright,NOH,21,57,39,18,640.1,223,90,169,53.3,10,24,41.7,33,52,63.5,33,84,117,40,34,29,12,43,512,0,0,16
291,Amir Johnson,DET,21,62,49,13,763.9,221,92,165,55.8,0,0,0.0,37,55,67.3,87,148,235,29,39,24,82,141,826,0,0,180
292,Brent Barry,SAS,36,31,22,9,554.1,221,77,160,48.1,48,112,42.9,19,20,95.0,12,43,55,54,18,17,3,43,410,0,0,63
293,Brian Skinner,PHX,32,66,47,19,844.0,219,92,198,46.5,2,3,66.7,33,63,52.4,63,175,238,15,39,21,77,112,782,0,0,-67
294,Francisco Elson,SEA,32,63,35,28,813.5,210,92,236,39.0,0,1,0.0,26,37,70.3,50,150,200,24,47,15,20,96,544,1,0,-118
295,Melvin Ely,NOH,30,52,35,17,620.6,202,85,180,47.2,0,0,0.0,32,58,55.2,28,117,145,22,42,7,18,79,442,1,0,84
296,Salim Stoudamire,ATL,25,35,12,23,401.6,200,65,180,36.1,29,85,34.1,41,50,82.0,4,20,24,28,21,7,5,34,286,0,0,-28
297,Devean George,DAL,30,53,30,23,821.1,194,74,207,35.7,22,68,32.4,24,34,70.6,28,109,137,35,24,19,13,90,483,0,0,-34
298,Trevor Ariza,LAL,23,35,27,8,546.5,192,69,136,50.7,5,18,27.8,49,75,65.3,30,78,108,44,23,31,11,45,491,1,0,16
299,J.J. Barea,DAL,24,44,27,17,459.8,191,71,170,41.8,21,54,38.9,28,35,80.0,4,43,47,58,35,14,1,48,344,0,0,54
300,Ira Newble,LAL,33,49,27,22,698.0,188,76,174,43.7,16,49,32.7,20,26,76.9,47,78,125,18,34,28,8,69,439,0,0,-195
301,Earl Boykins,CHA,32,36,14,22,576.7,185,61,172,35.5,14,44,31.8,49,59,83.1,9,25,34,96,41,13,0,21,368,0,0,-88
302,Kwame Brown,MEM,26,38,18,20,713.4,184,72,142,50.7,0,0,0.0,40,98,40.8,51,137,188,45,51,22,23,82,561,2,0,-67
303,Sergio Rodriguez,POR,22,72,36,36,627.9,180,69,196,35.2,17,58,29.3,25,38,65.8,13,45,58,123,53,24,0,57,453,0,0,-104
304,Alexander Johnson,MIA,25,43,4,39,548.7,179,61,125,48.8,0,0,0.0,57,83,68.7,32,62,94,13,42,13,10,80,338,1,0,-121
305,Bobby Jones,DEN,24,47,25,22,530.4,178,60,140,42.9,18,53,34.0,40,51,78.4,29,63,92,28,28,15,3,85,356,1,0,-74
306,Hilton Armstrong,NOH,23,65,43,22,732.3,178,67,148,45.3,0,0,0.0,44,70,62.9,65,98,163,23,59,15,34,130,496,0,0,-39
307,Eddie Jones,DAL,36,47,31,16,922.3,176,66,180,36.7,34,116,29.3,10,14,71.4,18,114,132,69,29,26,8,72,511,0,0,115
308,Austin Croshere,GSW,33,44,26,18,456.9,173,61,137,44.5,22,61,36.1,29,32,90.6,33,71,104,30,22,8,6,60,363,0,0,4
309,Malik Rose,NYK,33,49,11,38,494.2,171,66,180,36.7,2,7,28.6,37,51,72.5,31,72,103,28,40,16,7,80,366,0,0,-47
310,Ike Diogu,IND,24,30,12,18,304.8,168,64,134,47.8,0,0,0.0,40,47,85.1,38,47,85,10,20,7,3,43,295,0,0,-51
311,Mickael Gelabale,SEA,25,39,8,31,465.0,168,69,157,43.9,16,37,43.2,14,18,77.8,16,42,58,33,27,10,9,31,317,0,0,-37
312,Jason Hart,UTA,30,57,36,21,605.8,165,58,180,32.2,11,31,35.5,38,45,84.4,5,50,55,86,28,30,3,75,431,0,0,46
313,Smush Parker,LAC,27,28,3,25,592.4,165,64,184,34.8,18,78,23.1,19,28,67.9,4,47,51,84,44,24,6,60,398,0,0,-103
314,Dan Gadzuric,MIL,30,51,16,35,534.0,161,64,154,41.6,0,1,0.0,33,63,52.4,67,77,144,11,34,20,24,83,448,0,0,-81
315,Adonal Foyle,ORL,33,82,52,30,773.8,156,70,153,45.8,0,0,0.0,16,34,47.1,71,137,208,18,32,16,45,94,584,0,0,-17
316,Gerald Green,HOU,22,30,5,25,361.3,153,52,151,34.4,15,39,38.5,34,41,82.9,13,51,64,29,32,8,4,45,277,0,0,-43
317,Walter Herrmann,DET,29,45,27,18,372.9,153,56,144,38.9,20,64,31.3,21,25,84.0,22,51,73,18,12,7,1,24,280,0,0,-16
318,Yakhouba Diawara,DEN,25,54,34,20,542.2,153,55,134,41.0,21,66,31.8,22,31,71.0,23,39,62,37,16,8,3,61,300,0,0,15
319,Brandan Wright,GSW,20,38,22,16,375.7,151,62,112,55.4,0,0,0.0,27,40,67.5,38,61,99,9,13,6,22,36,354,0,0,-28
320,Alonzo Mourning,MIA,38,25,7,18,389.4,149,52,95,54.7,0,0,0.0,45,76,59.2,34,59,93,7,25,4,42,56,384,1,0,-25
321,Ryan Hollins,CHA,23,60,23,37,531.6,147,46,94,48.9,0,0,0.0,55,82,67.1,53,54,107,14,25,10,30,96,391,0,0,-37
322,Mardy Collins,NYK,23,46,12,34,633.8,145,57,175,32.6,8,32,25.0,23,38,60.5,19,56,75,89,56,24,8,56,409,0,0,-136
323,Derek Anderson,CHA,33,28,3,25,396.1,141,47,125,37.6,19,52,36.5,28,38,73.7,9,43,52,44,25,12,1,49,283,0,0,-106
324,Elton Brand,LAC,29,8,1,7,273.8,141,52,114,45.6,0,0,0.0,37,47,78.7,21,43,64,16,17,3,15,21,279,2,0,-97
325,JJ Redick,ORL,24,34,22,12,276.1,140,48,108,44.4,17,43,39.5,27,34,79.4,1,22,23,16,15,4,0,29,189,0,0,-14
326,Jason Collins,MEM,29,74,28,46,1172.1,140,53,113,46.9,0,1,0.0,34,74,45.9,64,114,178,25,48,23,25,194,487,0,0,-152
327,Joey Graham,TOR,26,38,23,15,330.6,138,49,113,43.4,2,3,66.7,38,45,84.4,18,49,67,15,23,3,0,47,227,0,0,-10
328,Ramon Sessions,MIL,22,17,2,15,449.5,137,51,117,43.6,3,7,42.9,32,41,78.0,8,50,58,127,36,17,3,26,421,3,0,-45
329,Steve Novak,HOU,25,35,27,8,264.0,135,49,102,48.0,34,71,47.9,3,4,75.0,4,31,35,6,4,2,3,17,197,0,0,-23
330,Oleksiy Pecherov,WAS,22,35,18,17,319.5,125,44,125,35.2,17,60,28.3,20,31,64.5,21,45,66,7,17,6,5,30,231,1,0,-67
331,Brian Cardinal,MEM,31,37,7,30,439.8,124,43,126,34.1,25,81,30.9,13,19,68.4,26,70,96,22,23,10,2,62,285,0,0,11
332,Greg Buckner,MIN,31,31,5,26,519.5,124,45,117,38.5,15,50,30.0,19,22,86.4,10,55,65,39,29,21,2,63,301,0,0,-138
333,Andre Owens,IND,27,31,12,19,392.0,123,40,107,37.4,18,40,45.0,25,34,73.5,13,34,47,47,24,13,3,37,274,0,0,-15
334,Darrell Armstrong,NJN,40,50,22,28,548.5,123,40,110,36.4,23,69,33.3,20,30,66.7,17,50,67,73,41,28,2,53,362,0,0,-117
335,Trenton Hassell,NJN,29,63,33,30,773.4,123,57,135,42.2,2,9,22.2,7,10,70.0,20,63,83,41,22,13,3,90,310,0,0,-144
336,Jermareo Davidson,CHA,23,38,12,26,321.6,120,51,125,40.8,0,0,0.0,18,28,64.3,21,41,62,13,17,7,15,46,263,0,0,-70
337,C.J. Watson,GSW,24,32,20,12,367.9,118,43,101,42.6,9,26,34.6,23,29,79.3,13,19,32,35,18,15,0,19,236,0,0,10
338,Dikembe Mutombo,HOU,42,39,26,13,619.0,118,43,80,53.8,0,0,0.0,32,45,71.1,68,131,199,5,17,11,48,55,524,1,0,52
339,Jarron Collins,UTA,29,70,46,24,702.3,118,36,82,43.9,0,1,0.0,46,74,62.2,40,76,116,37,22,10,6,106,339,0,0,111
340,Ryan Bowen,NOH,32,53,36,17,659.6,114,49,100,49.0,0,1,0.0,16,29,55.2,55,45,100,25,15,32,11,77,386,0,0,27
341,Shannon Brown,CHI,22,21,5,16,239.8,114,44,126,34.9,9,30,30.0,17,29,58.6,6,14,20,17,24,11,3,29,182,0,0,-80
342,Chucky Atkins,DEN,33,24,15,9,351.6,113,42,122,34.4,25,79,31.6,4,9,44.4,3,28,31,47,10,9,1,27,241,0,0,-13
343,Primoz Brezec,TOR,28,50,28,22,474.5,112,44,94,46.8,0,0,0.0,24,40,60.0,30,51,81,11,24,3,7,83,232,0,0,-50
344,Robert Horry,SAS,37,45,26,19,582.7,112,38,119,31.9,18,70,25.7,18,28,64.3,35,74,109,47,22,21,19,55,411,0,0,15
345,Theo Ratliff,DET,35,26,13,13,437.0,111,41,85,48.2,0,1,0.0,29,43,67.4,32,57,89,14,21,7,37,59,350,0,0,3
346,Casey Jacobsen,MEM,27,53,15,38,546.9,107,39,115,33.9,16,72,22.2,13,17,76.5,12,53,65,20,16,5,1,34,217,0,0,26
347,Nick Fazekas,LAC,23,26,5,21,268.9,107,46,82,56.1,0,2,0.0,15,22,68.2,34,55,89,11,13,8,11,25,274,0,0,14
348,Ruben Patterson,LAC,32,20,8,12,326.9,102,39,86,45.3,0,2,0.0,24,43,55.8,24,40,64,17,27,21,7,37,261,1,0,-33
349,Andre Brown,MEM,27,33,8,25,286.3,100,39,78,50.0,0,0,0.0,22,49,44.9,37,55,92,8,14,7,4,38,241,2,0,-61
350,Chris Richard,MIN,23,52,14,38,556.3,98,41,87,47.1,0,0,0.0,16,27,59.3,52,83,135,18,24,10,12,83,329,0,0,-28
351,Donyell Marshall,SEA,35,26,6,20,340.1,98,32,98,32.7,15,53,28.3,19,22,86.4,24,52,76,10,15,6,16,31,255,0,0,-105
352,Jake Voskuhl,MIL,30,44,9,35,385.9,98,37,80,46.3,0,0,0.0,24,29,82.8,30,67,97,13,29,9,21,83,295,0,0,-80
353,Marco Belinelli,GSW,22,33,15,18,240.6,95,36,93,38.7,16,41,39.0,7,9,77.8,3,11,14,15,12,5,0,15,137,0,0,-40
354,Dominic McGuire,WAS,22,70,35,35,695.1,93,39,103,37.9,1,6,16.7,14,32,43.8,53,86,139,40,40,20,26,76,418,0,0,-206
355,Awvee Storey,MIL,31,26,4,22,258.5,92,39,89,43.8,0,7,0.0,14,29,48.3,31,23,54,16,10,7,1,41,195,0,0,-57
356,Michael Ruffin,MIL,31,46,12,34,631.6,91,33,62,53.2,0,0,0.0,25,63,39.7,90,96,186,24,19,31,19,93,481,1,0,-30
357,Brian Scalabrine,BOS,30,48,40,8,512.0,88,29,94,30.9,15,46,32.6,15,20,75.0,22,57,79,40,26,9,8,63,268,0,0,47
358,Stephen Graham,IND,26,22,6,16,127.8,87,34,58,58.6,7,14,50.0,12,16,75.0,4,18,22,9,10,4,1,14,132,0,0,10
359,Joel Anthony,MIA,25,24,5,19,498.1,85,28,60,46.7,0,0,0.0,29,49,59.2,38,55,93,3,17,9,31,55,304,0,0,-134
360,Nene,DEN,25,16,9,7,265.5,85,29,71,40.8,0,1,0.0,27,49,55.1,30,57,87,15,21,9,14,46,260,0,0,4
361,Kasib Powell,MIA,27,11,3,8,304.2,84,35,95,36.8,8,33,24.2,6,9,66.7,8,36,44,18,5,9,2,18,192,0,0,-71
362,DJ Mbenga,LAL,27,42,32,10,325.6,83,39,84,46.4,0,0,0.0,5,12,41.7,28,44,72,10,12,7,26,70,271,0,0,-1
363,Stephane Lasme,MIA,25,16,3,13,303.3,83,32,71,45.1,0,0,0.0,19,32,59.4,26,27,53,3,15,13,22,35,241,0,0,-36
364,Chris Mihm,LAL,28,23,14,9,278.1,82,32,95,33.7,0,0,0.0,18,27,66.7,28,49,77,13,17,4,14,42,231,1,0,-21
365,Dahntay Jones,SAC,27,25,11,14,205.7,81,23,53,43.4,1,6,16.7,34,51,66.7,7,28,35,12,10,8,6,28,173,0,0,-11
366,Luke Jackson,MIA,26,14,1,13,228.1,79,26,80,32.5,11,30,36.7,16,23,69.6,7,26,33,17,9,8,0,22,159,0,0,-18
367,Dwayne Jones,CLE,25,56,31,25,472.5,78,25,47,53.2,0,1,0.0,28,58,48.3,69,71,140,10,17,10,25,88,349,0,0,-46
368,DJ Strawberry,PHX,23,33,23,10,270.2,73,29,92,31.5,6,25,24.0,9,19,47.4,9,19,28,30,11,12,6,36,195,0,0,-38
369,Blake Ahearn,MIA,24,12,1,11,177.1,70,15,57,26.3,10,34,29.4,30,31,96.8,1,18,19,19,16,6,0,20,123,0,0,-76
370,Kevin Ollie,PHI,35,40,20,20,299.8,70,29,69,42.0,0,1,0.0,12,15,80.0,4,15,19,38,5,10,0,28,175,0,0,48
371,Aaron Williams,LAC,36,30,9,21,297.0,68,27,55,49.1,0,0,0.0,14,18,77.8,15,46,61,9,13,12,15,44,223,0,0,-99
372,Pat Garrity,ORL,31,31,24,7,283.9,66,27,80,33.8,8,37,21.6,4,5,80.0,9,35,44,13,17,6,1,35,142,0,0,3
373,Adrian Griffin,SEA,33,35,10,25,307.0,65,30,76,39.5,0,0,0.0,5,9,55.6,28,31,59,27,21,17,2,27,212,0,0,11
374,Raef LaFrentz,POR,32,39,18,21,291.3,65,27,61,44.3,0,4,0.0,11,19,57.9,28,39,67,6,10,12,17,59,231,0,0,-28
375,Mike Harris,HOU,25,17,11,6,159.4,62,27,54,50.0,0,2,0.0,8,13,61.5,24,30,54,3,9,6,3,16,149,0,0,14
376,Anfernee Hardaway,MIA,36,16,4,12,324.7,60,22,60,36.7,8,19,42.1,8,9,88.9,3,32,35,35,13,19,1,24,202,0,0,-32
377,Mario West,ATL,24,64,31,33,269.0,59,21,49,42.9,0,4,0.0,17,26,65.4,26,22,48,13,9,12,4,61,175,0,0,-45
378,Sean Marks,PHX,32,19,16,3,129.8,59,23,43,53.5,1,4,25.0,12,19,63.2,9,27,36,4,8,3,10,23,139,1,0,-65
379,Lindsey Hunter,DET,37,24,21,3,215.3,58,22,64,34.4,7,26,26.9,7,9,77.8,4,9,13,33,13,13,2,30,155,0,0,17
380,Juwan Howard,DAL,35,50,28,22,352.5,57,23,64,35.9,0,0,0.0,11,14,78.6,21,60,81,17,17,5,2,62,184,0,0,-50
381,Michael Doleac,MIN,31,24,5,19,257.3,57,28,63,44.4,0,0,0.0,1,2,50.0,16,33,49,7,12,10,10,44,174,0,0,-31
382,Jamaal Magloire,DAL,30,31,16,15,285.8,56,18,55,32.7,0,0,0.0,20,44,45.5,19,70,89,7,30,1,10,50,176,0,0,-11
383,Randolph Morris,NYK,22,18,4,14,180.9,56,21,58,36.2,0,0,0.0,14,29,48.3,12,25,37,2,9,4,2,37,112,0,0,-118
384,Steve Francis,HOU,31,10,5,5,199.3,55,19,57,33.3,4,17,23.5,13,23,56.5,8,15,23,30,14,9,5,25,156,0,0,-5
385,Paul Davis,LAC,23,22,8,14,194.0,54,24,65,36.9,0,0,0.0,6,10,60.0,25,22,47,10,9,6,6,33,152,0,0,-80
386,Darius Washington,SAS,22,18,13,5,146.1,53,21,48,43.8,4,12,33.3,7,13,53.8,4,16,20,15,14,5,0,16,101,0,0,0
387,Maurice Ager,NJN,24,26,14,12,165.1,51,21,65,32.3,3,19,15.8,6,12,50.0,4,9,13,8,6,0,1,17,76,0,0,-38
388,Richie Frahm,LAC,30,10,2,8,163.2,47,20,54,37.0,7,25,28.0,0,2,0.0,4,10,14,8,6,2,0,7,76,0,0,3
389,Othella Harrington,CHA,34,22,8,14,166.2,46,18,42,42.9,0,0,0.0,10,16,62.5,11,31,42,4,11,1,4,34,106,0,0,19
390,Von Wafer,POR,22,29,16,13,153.8,46,17,61,27.9,4,26,15.4,8,12,66.7,1,18,19,7,13,2,3,7,81,0,0,-5
391,Jeremy Richardson,ATL,24,27,12,15,131.8,41,16,44,36.4,7,19,36.8,2,2,100,1,8,9,2,6,3,0,13,58,0,0,-55
392,Maceo Baston,TOR,32,15,7,8,103.2,41,17,25,68.0,0,0,0.0,7,10,70.0,9,17,26,3,4,2,4,20,91,0,0,-3
393,Mike Wilks,SEA,29,15,6,9,187.9,41,17,36,47.2,3,8,37.5,4,4,100,5,14,19,14,9,9,0,13,103,0,0,-16
394,James Augustine,ORL,24,25,16,9,148.8,40,18,34,52.9,0,0,0.0,4,8,50.0,16,14,30,2,6,5,2,18,94,0,0,9
395,Tarence Kinsey,MEM,24,11,4,7,96.1,40,16,38,42.1,3,7,42.9,5,6,83.3,3,9,12,2,3,3,0,11,63,0,0,3
396,Eric Piatkowski,PHX,37,16,15,1,112.7,39,12,33,36.4,11,26,42.3,4,4,100,1,11,12,10,6,0,1,11,65,0,0,-33
397,P.J. Brown,BOS,38,18,16,2,209.1,39,14,41,34.1,0,1,0.0,11,16,68.8,29,39,68,10,10,5,8,29,165,0,0,-3
398,Scot Pollard,BOS,33,22,17,5,172.9,39,12,23,52.2,0,0,0.0,15,22,68.2,14,23,37,3,5,3,6,43,110,0,0,14
399,Steven Hunter,DEN,26,19,13,6,119.7,39,15,28,53.6,0,0,0.0,9,20,45.0,10,19,29,0,7,0,6,20,85,0,0,-22
400,Eddie Gill,SEA,29,14,6,8,153.2,38,12,31,38.7,5,15,33.3,9,9,100,1,21,22,22,9,7,2,18,115,0,0,-35
401,Chris Webber,GSW,35,9,6,3,125.8,35,15,31,48.4,0,0,0.0,5,12,41.7,2,30,32,18,11,4,6,17,119,0,0,-21
402,Patrick O'Bryant,GSW,22,24,12,12,99.3,35,16,29,55.2,0,0,0.0,3,5,60.0,10,19,29,4,7,4,9,27,108,0,0,-29
403,Solomon Jones,ATL,23,35,13,22,145.1,35,12,30,40.0,0,2,0.0,11,20,55.0,19,23,42,0,11,3,5,28,98,0,0,-39
404,Justin Williams,HOU,24,23,11,12,122.8,34,13,29,44.8,0,0,0.0,8,26,30.8,20,29,49,0,4,5,5,17,119,0,0,-11
405,Gabe Pruitt,BOS,22,15,13,2,94.6,32,14,39,35.9,3,12,25.0,1,2,50.0,1,7,8,13,5,5,0,10,71,0,0,-13
406,Kenny Thomas,SAC,30,23,8,15,281.4,32,16,38,42.1,0,0,0.0,0,5,0.0,18,43,61,13,21,6,1,38,125,0,0,-83
407,Viktor Khryapa,CHI,25,9,3,6,104.7,32,12,31,38.7,0,1,0.0,8,14,57.1,6,14,20,8,6,6,0,11,80,0,0,15
408,Coby Karl,LAL,25,17,16,1,70.6,30,9,26,34.6,4,13,30.8,8,10,80.0,3,11,14,9,5,4,2,4,73,0,0,8
409,Mouhamed Sene,SEA,22,13,1,12,62.2,30,11,24,45.8,0,0,0.0,8,17,47.1,7,9,16,1,0,0,7,9,72,0,0,-9
410,Marcus Vinicius,NOH,24,13,12,1,69.1,28,9,20,45.0,5,12,41.7,5,11,45.5,1,7,8,2,3,1,1,4,44,0,0,4
411,Troy Hudson,GSW,32,9,5,4,93.3,28,9,31,29.0,4,12,33.3,6,6,100,0,7,7,9,7,3,0,4,52,0,0,-12
412,Darrick Martin,TOR,37,17,10,7,141.4,27,10,43,23.3,2,16,12.5,5,6,83.3,3,4,7,21,1,6,0,12,84,0,0,47
413,Taurean Green,DEN,21,17,8,9,73.8,27,7,25,28.0,2,11,18.2,11,12,91.7,0,10,10,11,9,2,0,5,53,0,0,5
414,Calvin Booth,PHI,32,31,13,18,204.0,24,9,27,33.3,0,0,0.0,6,10,60.0,6,32,38,8,4,6,18,35,150,0,0,0
415,Alando Tucker,PHX,24,6,6,0,48.0,22,8,22,36.4,1,4,25.0,5,6,83.3,4,4,8,0,0,0,1,2,35,0,0,-6
416,Eric Snow,CLE,35,22,10,12,305.4,22,6,38,15.8,0,2,0.0,10,22,45.5,4,16,20,42,10,10,4,30,141,0,0,-72
417,Jorge Garbajosa,TOR,30,7,4,3,73.8,22,8,25,32.0,6,16,37.5,0,0,0.0,2,13,15,3,1,3,0,2,53,0,0,-11
418,Ian Mahinmi,SAS,21,6,6,0,22.6,21,6,12,50.0,0,0,0.0,9,9,100,0,5,5,1,2,0,4,4,39,0,0,-14
419,Linton Johnson,TOR,28,8,3,5,63.1,21,9,19,47.4,1,3,33.3,2,2,100,5,9,14,4,5,0,1,11,42,0,0,-12
420,Thomas Gardner,CHI,23,4,1,3,44.7,21,9,23,39.1,3,12,25.0,0,2,0.0,3,1,4,1,4,0,0,4,23,0,0,-9
421,Lou Amundson,PHI,25,16,7,9,64.0,18,8,16,50.0,0,0,0.0,2,7,28.6,7,5,12,0,2,1,1,13,36,0,0,1
422,Marcin Gortat,ORL,24,6,6,0,40.7,18,8,17,47.1,0,0,0.0,2,3,66.7,8,8,16,2,2,1,1,4,44,1,0,0
423,DerMarr Johnson,SAS,28,5,3,2,27.5,17,7,14,50.0,3,9,33.3,0,2,0.0,0,1,1,1,0,1,0,4,23,0,0,-2
424,Demetris Nichols,CHI,23,14,5,9,44.4,15,6,23,26.1,3,13,23.1,0,0,0.0,0,5,5,1,4,0,3,4,28,0,0,-19
425,Lorenzen Wright,SAC,32,18,8,10,160.5,15,6,21,28.6,0,0,0.0,3,6,50.0,8,30,38,4,4,3,3,31,81,0,0,-13
426,Billy Thomas,CLE,32,11,7,4,41.9,14,4,17,23.5,4,16,25.0,2,2,100,0,2,2,0,4,1,0,4,15,0,0,-3
427,Kyrylo Fesenko,UTA,21,9,4,5,70.1,14,6,16,37.5,0,0,0.0,2,4,50.0,14,11,25,2,8,0,3,19,48,0,0,-1
428,Robert Swift,SEA,22,8,1,7,97.7,14,6,17,35.3,0,0,0.0,2,2,100,6,12,18,1,10,5,6,16,60,0,0,-42
429,Morris Almond,UTA,23,9,9,0,39.2,13,4,15,26.7,1,4,25.0,4,6,66.7,0,2,2,3,2,1,0,5,21,0,0,-13
430,Darryl Watkins,SAC,23,9,2,7,71.3,12,5,15,33.3,0,0,0.0,2,5,40.0,5,7,12,0,7,2,2,8,31,0,0,-17
431,Josh McRoberts,POR,21,8,3,5,28.1,12,6,10,60.0,0,1,0.0,0,0,0.0,2,8,10,2,2,1,0,1,28,0,0,15
432,Kosta Perovic,GSW,23,7,4,3,38.0,10,3,10,30.0,0,0,0.0,4,6,66.7,6,7,13,1,1,0,2,6,32,0,0,4
433,Marcus Williams,LAC,21,11,3,8,36.0,10,5,20,25.0,0,0,0.0,0,0,0.0,4,8,12,3,0,1,1,3,35,0,0,-1
434,Shareef Abdur-Rahim,SAC,31,6,2,4,50.6,10,3,14,21.4,0,0,0.0,4,4,100,6,4,10,4,1,1,0,9,30,0,0,0
435,Mark Madsen,MIN,32,20,6,14,151.3,9,3,19,15.8,0,0,0.0,3,12,25.0,18,20,38,4,9,3,2,25,67,0,0,1
436,Cedric Simmons,CHI,22,14,7,7,87.5,8,4,14,28.6,0,0,0.0,0,10,0.0,6,12,18,0,6,2,5,8,45,0,0,-35
437,Shavlik Randolph,PHI,24,9,3,6,27.5,8,4,14,28.6,0,0,0.0,0,0,0.0,9,2,11,3,2,1,3,5,36,0,0,14
438,Cheikh Samb,DET,23,4,2,2,31.3,7,3,4,75.0,0,0,0.0,1,2,50.0,3,4,7,0,1,1,2,8,23,0,0,3
439,Andre Barrett,LAC,26,4,0,4,25.3,6,2,5,40.0,1,3,33.3,1,2,50.0,0,1,1,7,1,0,0,1,17,0,0,-17
440,Chris Andersen,NOH,29,5,4,1,34.2,6,2,7,28.6,0,0,0.0,2,4,50.0,2,7,9,0,1,0,4,6,28,0,0,5
441,Loren Woods,HOU,30,7,4,3,16.9,6,3,5,60.0,0,0,0.0,0,0,0.0,0,1,1,2,0,0,0,2,10,0,0,9
442,Orien Greene,SAC,26,7,2,5,60.7,6,3,11,27.3,0,1,0.0,0,0,0.0,0,6,6,3,7,3,1,9,23,0,0,-20
443,Guillermo Diaz,LAC,23,6,2,4,18.0,5,1,4,25.0,0,1,0.0,3,5,60.0,2,0,2,1,0,0,0,0,9,0,0,4
444,Bo Outlaw,ORL,37,2,2,0,6.6,4,2,3,66.7,0,0,0.0,0,0,0.0,0,0,0,0,1,0,0,1,3,0,0,-4
445,Jerome James,NYK,32,2,0,2,4.6,4,1,1,100,0,0,0.0,2,2,100,0,3,3,0,0,0,0,0,8,0,0,6
446,Ronald Dupree,SEA,27,5,1,4,20.8,4,1,3,33.3,0,0,0.0,2,2,100,1,7,8,1,0,1,0,0,18,0,0,6
447,Jelani McCoy,DEN,30,6,2,4,33.3,3,1,1,100,0,0,0.0,1,2,50.0,1,6,7,0,4,0,5,7,22,0,0,-14
448,Lance Allred,CLE,27,3,0,3,10.1,3,1,4,25.0,0,0,0.0,1,2,50.0,0,1,1,0,0,0,0,1,4,0,0,-13
449,Kaniel Dickens,CLE,29,5,4,1,11.8,2,1,3,33.3,0,0,0.0,0,0,0.0,0,1,1,1,0,0,1,1,8,0,0,-1
450,Keith Langford,SAS,24,2,1,1,9.6,2,1,4,25.0,0,0,0.0,0,0,0.0,0,2,2,0,0,0,0,1,4,0,0,7
451,Courtney Sims,IND,24,3,2,1,11.1,0,0,1,0.0,0,0,0.0,0,0,0.0,1,1,2,1,0,0,0,2,4,0,0,-1
